<?xml version="1.0" encoding="UTF-8"?>
<root>
  <item name="com.google.blockly.android.ToolboxFragment int getLabelRotation()">
    <annotation name="android.support.annotation.IntDef">
      <val name="flag" val="true" />
      <val name="value" val="{com.google.blockly.android.ui.Rotation.NONE, com.google.blockly.android.ui.Rotation.CLOCKWISE, com.google.blockly.android.ui.Rotation.COUNTER_CLOCKWISE, com.google.blockly.android.ui.Rotation.ADAPTIVE_CLOCKWISE, com.google.blockly.android.ui.Rotation.ADAPTIVE_COUNTER_CLOCKWISE}" />
    </annotation>
  </item>
  <item name="com.google.blockly.android.ToolboxFragment mTabEdge">
    <annotation name="android.support.annotation.IntDef">
      <val name="flag" val="true" />
      <val name="value" val="{android.view.Gravity.TOP, android.view.Gravity.LEFT, android.view.Gravity.BOTTOM, android.view.Gravity.RIGHT, android.support.v4.view.GravityCompat.START, android.support.v4.view.GravityCompat.END}" />
    </annotation>
  </item>
</root>

