<?xml version="1.0" encoding="UTF-8"?>
<root>
  <item name="com.google.blockly.model.Connection Connection(int, java.lang.String[]) 0">
    <annotation name="android.support.annotation.IntDef">
      <val name="value" val="{com.google.blockly.model.Connection.CONNECTION_TYPE_PREVIOUS, com.google.blockly.model.Connection.CONNECTION_TYPE_NEXT, com.google.blockly.model.Connection.CONNECTION_TYPE_INPUT, com.google.blockly.model.Connection.CONNECTION_TYPE_OUTPUT}" />
    </annotation>
  </item>
  <item name="com.google.blockly.model.Connection OPPOSITE_TYPES">
    <annotation name="android.support.annotation.IntDef">
      <val name="value" val="{com.google.blockly.model.Connection.CONNECTION_TYPE_PREVIOUS, com.google.blockly.model.Connection.CONNECTION_TYPE_NEXT, com.google.blockly.model.Connection.CONNECTION_TYPE_INPUT, com.google.blockly.model.Connection.CONNECTION_TYPE_OUTPUT}" />
    </annotation>
  </item>
  <item name="com.google.blockly.model.Connection int canConnectWithReason(com.google.blockly.model.Connection)">
    <annotation name="android.support.annotation.IntDef">
      <val name="value" val="{com.google.blockly.model.Connection.CAN_CONNECT, com.google.blockly.model.Connection.REASON_SELF_CONNECTION, com.google.blockly.model.Connection.REASON_WRONG_TYPE, com.google.blockly.model.Connection.REASON_MUST_DISCONNECT, com.google.blockly.model.Connection.REASON_TARGET_NULL, com.google.blockly.model.Connection.REASON_CHECKS_FAILED}" />
    </annotation>
  </item>
  <item name="com.google.blockly.model.Connection int canConnectWithReason(com.google.blockly.model.Connection, boolean)">
    <annotation name="android.support.annotation.IntDef">
      <val name="value" val="{com.google.blockly.model.Connection.CAN_CONNECT, com.google.blockly.model.Connection.REASON_SELF_CONNECTION, com.google.blockly.model.Connection.REASON_WRONG_TYPE, com.google.blockly.model.Connection.REASON_MUST_DISCONNECT, com.google.blockly.model.Connection.REASON_TARGET_NULL, com.google.blockly.model.Connection.REASON_CHECKS_FAILED}" />
    </annotation>
  </item>
  <item name="com.google.blockly.model.Connection int getType()">
    <annotation name="android.support.annotation.IntDef">
      <val name="value" val="{com.google.blockly.model.Connection.CONNECTION_TYPE_PREVIOUS, com.google.blockly.model.Connection.CONNECTION_TYPE_NEXT, com.google.blockly.model.Connection.CONNECTION_TYPE_INPUT, com.google.blockly.model.Connection.CONNECTION_TYPE_OUTPUT}" />
    </annotation>
  </item>
  <item name="com.google.blockly.model.Connection mConnectionType">
    <annotation name="android.support.annotation.IntDef">
      <val name="value" val="{com.google.blockly.model.Connection.CONNECTION_TYPE_PREVIOUS, com.google.blockly.model.Connection.CONNECTION_TYPE_NEXT, com.google.blockly.model.Connection.CONNECTION_TYPE_INPUT, com.google.blockly.model.Connection.CONNECTION_TYPE_OUTPUT}" />
    </annotation>
  </item>
  <item name="com.google.blockly.model.Connection.CheckResultType">
    <annotation name="android.support.annotation.IntDef">
      <val name="value" val="{com.google.blockly.model.Connection.CAN_CONNECT, com.google.blockly.model.Connection.REASON_SELF_CONNECTION, com.google.blockly.model.Connection.REASON_WRONG_TYPE, com.google.blockly.model.Connection.REASON_MUST_DISCONNECT, com.google.blockly.model.Connection.REASON_TARGET_NULL, com.google.blockly.model.Connection.REASON_CHECKS_FAILED}" />
    </annotation>
  </item>
  <item name="com.google.blockly.model.Connection.ConnectionType">
    <annotation name="android.support.annotation.IntDef">
      <val name="value" val="{com.google.blockly.model.Connection.CONNECTION_TYPE_PREVIOUS, com.google.blockly.model.Connection.CONNECTION_TYPE_NEXT, com.google.blockly.model.Connection.CONNECTION_TYPE_INPUT, com.google.blockly.model.Connection.CONNECTION_TYPE_OUTPUT}" />
    </annotation>
  </item>
  <item name="com.google.blockly.model.Field Field(java.lang.String, int) 1">
    <annotation name="android.support.annotation.IntDef">
      <val name="value" val="{com.google.blockly.model.Field.TYPE_UNKNOWN, com.google.blockly.model.Field.TYPE_LABEL, com.google.blockly.model.Field.TYPE_INPUT, com.google.blockly.model.Field.TYPE_ANGLE, com.google.blockly.model.Field.TYPE_CHECKBOX, com.google.blockly.model.Field.TYPE_COLOR, com.google.blockly.model.Field.TYPE_DATE, com.google.blockly.model.Field.TYPE_VARIABLE, com.google.blockly.model.Field.TYPE_DROPDOWN, com.google.blockly.model.Field.TYPE_IMAGE, com.google.blockly.model.Field.TYPE_NUMBER}" />
    </annotation>
  </item>
  <item name="com.google.blockly.model.Field int getType()">
    <annotation name="android.support.annotation.IntDef">
      <val name="value" val="{com.google.blockly.model.Field.TYPE_UNKNOWN, com.google.blockly.model.Field.TYPE_LABEL, com.google.blockly.model.Field.TYPE_INPUT, com.google.blockly.model.Field.TYPE_ANGLE, com.google.blockly.model.Field.TYPE_CHECKBOX, com.google.blockly.model.Field.TYPE_COLOR, com.google.blockly.model.Field.TYPE_DATE, com.google.blockly.model.Field.TYPE_VARIABLE, com.google.blockly.model.Field.TYPE_DROPDOWN, com.google.blockly.model.Field.TYPE_IMAGE, com.google.blockly.model.Field.TYPE_NUMBER}" />
    </annotation>
  </item>
  <item name="com.google.blockly.model.Field int stringToFieldType(java.lang.String)">
    <annotation name="android.support.annotation.IntDef">
      <val name="value" val="{com.google.blockly.model.Field.TYPE_UNKNOWN, com.google.blockly.model.Field.TYPE_LABEL, com.google.blockly.model.Field.TYPE_INPUT, com.google.blockly.model.Field.TYPE_ANGLE, com.google.blockly.model.Field.TYPE_CHECKBOX, com.google.blockly.model.Field.TYPE_COLOR, com.google.blockly.model.Field.TYPE_DATE, com.google.blockly.model.Field.TYPE_VARIABLE, com.google.blockly.model.Field.TYPE_DROPDOWN, com.google.blockly.model.Field.TYPE_IMAGE, com.google.blockly.model.Field.TYPE_NUMBER}" />
    </annotation>
  </item>
  <item name="com.google.blockly.model.Field.FieldType">
    <annotation name="android.support.annotation.IntDef">
      <val name="value" val="{com.google.blockly.model.Field.TYPE_UNKNOWN, com.google.blockly.model.Field.TYPE_LABEL, com.google.blockly.model.Field.TYPE_INPUT, com.google.blockly.model.Field.TYPE_ANGLE, com.google.blockly.model.Field.TYPE_CHECKBOX, com.google.blockly.model.Field.TYPE_COLOR, com.google.blockly.model.Field.TYPE_DATE, com.google.blockly.model.Field.TYPE_VARIABLE, com.google.blockly.model.Field.TYPE_DROPDOWN, com.google.blockly.model.Field.TYPE_IMAGE, com.google.blockly.model.Field.TYPE_NUMBER}" />
    </annotation>
  </item>
  <item name="com.google.blockly.model.Input Input(java.lang.String, int, int, com.google.blockly.model.Connection) 1">
    <annotation name="android.support.annotation.IntDef">
      <val name="value" val="{com.google.blockly.model.Input.TYPE_VALUE, com.google.blockly.model.Input.TYPE_STATEMENT, com.google.blockly.model.Input.TYPE_DUMMY}" />
    </annotation>
  </item>
  <item name="com.google.blockly.model.Input Input(java.lang.String, int, int, com.google.blockly.model.Connection) 2">
    <annotation name="android.support.annotation.IntDef">
      <val name="value" val="{com.google.blockly.model.Input.ALIGN_LEFT, com.google.blockly.model.Input.ALIGN_RIGHT, com.google.blockly.model.Input.ALIGN_CENTER}" />
    </annotation>
  </item>
  <item name="com.google.blockly.model.Input Input(java.lang.String, int, java.lang.String, com.google.blockly.model.Connection) 1">
    <annotation name="android.support.annotation.IntDef">
      <val name="value" val="{com.google.blockly.model.Input.TYPE_VALUE, com.google.blockly.model.Input.TYPE_STATEMENT, com.google.blockly.model.Input.TYPE_DUMMY}" />
    </annotation>
  </item>
  <item name="com.google.blockly.model.Input int getAlign()">
    <annotation name="android.support.annotation.IntDef">
      <val name="value" val="{com.google.blockly.model.Input.ALIGN_LEFT, com.google.blockly.model.Input.ALIGN_RIGHT, com.google.blockly.model.Input.ALIGN_CENTER}" />
    </annotation>
  </item>
  <item name="com.google.blockly.model.Input int getType()">
    <annotation name="android.support.annotation.IntDef">
      <val name="value" val="{com.google.blockly.model.Input.TYPE_VALUE, com.google.blockly.model.Input.TYPE_STATEMENT, com.google.blockly.model.Input.TYPE_DUMMY}" />
    </annotation>
  </item>
  <item name="com.google.blockly.model.Input int stringToAlignment(java.lang.String)">
    <annotation name="android.support.annotation.IntDef">
      <val name="value" val="{com.google.blockly.model.Input.ALIGN_LEFT, com.google.blockly.model.Input.ALIGN_RIGHT, com.google.blockly.model.Input.ALIGN_CENTER}" />
    </annotation>
  </item>
  <item name="com.google.blockly.model.Input mAlign">
    <annotation name="android.support.annotation.IntDef">
      <val name="value" val="{com.google.blockly.model.Input.ALIGN_LEFT, com.google.blockly.model.Input.ALIGN_RIGHT, com.google.blockly.model.Input.ALIGN_CENTER}" />
    </annotation>
  </item>
  <item name="com.google.blockly.model.Input mType">
    <annotation name="android.support.annotation.IntDef">
      <val name="value" val="{com.google.blockly.model.Input.TYPE_VALUE, com.google.blockly.model.Input.TYPE_STATEMENT, com.google.blockly.model.Input.TYPE_DUMMY}" />
    </annotation>
  </item>
  <item name="com.google.blockly.model.Input.Alignment">
    <annotation name="android.support.annotation.IntDef">
      <val name="value" val="{com.google.blockly.model.Input.ALIGN_LEFT, com.google.blockly.model.Input.ALIGN_RIGHT, com.google.blockly.model.Input.ALIGN_CENTER}" />
    </annotation>
  </item>
  <item name="com.google.blockly.model.Input.InputDummy InputDummy(java.lang.String, int) 1">
    <annotation name="android.support.annotation.IntDef">
      <val name="value" val="{com.google.blockly.model.Input.ALIGN_LEFT, com.google.blockly.model.Input.ALIGN_RIGHT, com.google.blockly.model.Input.ALIGN_CENTER}" />
    </annotation>
  </item>
  <item name="com.google.blockly.model.Input.InputStatement InputStatement(java.lang.String, int, java.lang.String[]) 1">
    <annotation name="android.support.annotation.IntDef">
      <val name="value" val="{com.google.blockly.model.Input.ALIGN_LEFT, com.google.blockly.model.Input.ALIGN_RIGHT, com.google.blockly.model.Input.ALIGN_CENTER}" />
    </annotation>
  </item>
  <item name="com.google.blockly.model.Input.InputType">
    <annotation name="android.support.annotation.IntDef">
      <val name="value" val="{com.google.blockly.model.Input.TYPE_VALUE, com.google.blockly.model.Input.TYPE_STATEMENT, com.google.blockly.model.Input.TYPE_DUMMY}" />
    </annotation>
  </item>
  <item name="com.google.blockly.model.Input.InputValue InputValue(java.lang.String, int, java.lang.String[]) 1">
    <annotation name="android.support.annotation.IntDef">
      <val name="value" val="{com.google.blockly.model.Input.ALIGN_LEFT, com.google.blockly.model.Input.ALIGN_RIGHT, com.google.blockly.model.Input.ALIGN_CENTER}" />
    </annotation>
  </item>
</root>

