<?xml version="1.0" encoding="UTF-8"?>
<root>
  <item name="com.google.blockly.android.ui.AbstractInputView mInputType">
    <annotation name="android.support.annotation.IntDef">
      <val name="value" val="{com.google.blockly.model.Input.TYPE_VALUE, com.google.blockly.model.Input.TYPE_STATEMENT, com.google.blockly.model.Input.TYPE_DUMMY}" />
    </annotation>
  </item>
  <item name="com.google.blockly.android.ui.CategoryTabs mLabelRotation">
    <annotation name="android.support.annotation.IntDef">
      <val name="flag" val="true" />
      <val name="value" val="{com.google.blockly.android.ui.Rotation.NONE, com.google.blockly.android.ui.Rotation.CLOCKWISE, com.google.blockly.android.ui.Rotation.COUNTER_CLOCKWISE, com.google.blockly.android.ui.Rotation.ADAPTIVE_CLOCKWISE, com.google.blockly.android.ui.Rotation.ADAPTIVE_COUNTER_CLOCKWISE}" />
    </annotation>
  </item>
  <item name="com.google.blockly.android.ui.CategoryTabs void setLabelRotation(int) 0">
    <annotation name="android.support.annotation.IntDef">
      <val name="flag" val="true" />
      <val name="value" val="{com.google.blockly.android.ui.Rotation.NONE, com.google.blockly.android.ui.Rotation.CLOCKWISE, com.google.blockly.android.ui.Rotation.COUNTER_CLOCKWISE, com.google.blockly.android.ui.Rotation.ADAPTIVE_CLOCKWISE, com.google.blockly.android.ui.Rotation.ADAPTIVE_COUNTER_CLOCKWISE}" />
    </annotation>
  </item>
  <item name="com.google.blockly.android.ui.Dragger boolean onTouchBlockImpl(int, com.google.blockly.android.ui.Dragger.DragHandler, com.google.blockly.android.ui.BlockView, android.view.MotionEvent, boolean) 0">
    <annotation name="android.support.annotation.IntDef">
      <val name="value" val="{com.google.blockly.android.ui.Dragger.DRAG_MODE_IMMEDIATE, com.google.blockly.android.ui.Dragger.DRAG_MODE_SLOPPY}" />
    </annotation>
  </item>
  <item name="com.google.blockly.android.ui.Dragger void finishDragging(int) 0">
    <annotation name="android.support.annotation.IntDef">
      <val name="value" val="{com.google.blockly.android.ui.Dragger.FINISH_BEHAVIOR_DROP, com.google.blockly.android.ui.Dragger.FINISH_BEHAVIOR_REVERT, com.google.blockly.android.ui.Dragger.FINISH_BEHAVIOR_DELETED}" />
    </annotation>
  </item>
  <item name="com.google.blockly.android.ui.Dragger.DragMode">
    <annotation name="android.support.annotation.IntDef">
      <val name="value" val="{com.google.blockly.android.ui.Dragger.DRAG_MODE_IMMEDIATE, com.google.blockly.android.ui.Dragger.DRAG_MODE_SLOPPY}" />
    </annotation>
  </item>
  <item name="com.google.blockly.android.ui.Dragger.FinishDragBehavior">
    <annotation name="android.support.annotation.IntDef">
      <val name="value" val="{com.google.blockly.android.ui.Dragger.FINISH_BEHAVIOR_DROP, com.google.blockly.android.ui.Dragger.FINISH_BEHAVIOR_REVERT, com.google.blockly.android.ui.Dragger.FINISH_BEHAVIOR_DELETED}" />
    </annotation>
  </item>
  <item name="com.google.blockly.android.ui.RotatedViewGroup int getChildRotation()">
    <annotation name="android.support.annotation.IntDef">
      <val name="flag" val="true" />
      <val name="value" val="{com.google.blockly.android.ui.Rotation.NONE, com.google.blockly.android.ui.Rotation.CLOCKWISE, com.google.blockly.android.ui.Rotation.COUNTER_CLOCKWISE, com.google.blockly.android.ui.Rotation.ADAPTIVE_CLOCKWISE, com.google.blockly.android.ui.Rotation.ADAPTIVE_COUNTER_CLOCKWISE}" />
    </annotation>
  </item>
  <item name="com.google.blockly.android.ui.RotatedViewGroup mRotation">
    <annotation name="android.support.annotation.IntDef">
      <val name="flag" val="true" />
      <val name="value" val="{com.google.blockly.android.ui.Rotation.NONE, com.google.blockly.android.ui.Rotation.CLOCKWISE, com.google.blockly.android.ui.Rotation.COUNTER_CLOCKWISE, com.google.blockly.android.ui.Rotation.ADAPTIVE_CLOCKWISE, com.google.blockly.android.ui.Rotation.ADAPTIVE_COUNTER_CLOCKWISE}" />
    </annotation>
  </item>
  <item name="com.google.blockly.android.ui.RotatedViewGroup void setChildRotation(int) 0">
    <annotation name="android.support.annotation.IntDef">
      <val name="flag" val="true" />
      <val name="value" val="{com.google.blockly.android.ui.Rotation.NONE, com.google.blockly.android.ui.Rotation.CLOCKWISE, com.google.blockly.android.ui.Rotation.COUNTER_CLOCKWISE, com.google.blockly.android.ui.Rotation.ADAPTIVE_CLOCKWISE, com.google.blockly.android.ui.Rotation.ADAPTIVE_COUNTER_CLOCKWISE}" />
    </annotation>
  </item>
  <item name="com.google.blockly.android.ui.Rotation boolean isRotated(int) 0">
    <annotation name="android.support.annotation.IntDef">
      <val name="flag" val="true" />
      <val name="value" val="{com.google.blockly.android.ui.Rotation.NONE, com.google.blockly.android.ui.Rotation.CLOCKWISE, com.google.blockly.android.ui.Rotation.COUNTER_CLOCKWISE, com.google.blockly.android.ui.Rotation.ADAPTIVE_CLOCKWISE, com.google.blockly.android.ui.Rotation.ADAPTIVE_COUNTER_CLOCKWISE}" />
    </annotation>
  </item>
  <item name="com.google.blockly.android.ui.Rotation boolean isRtlAware(int) 0">
    <annotation name="android.support.annotation.IntDef">
      <val name="flag" val="true" />
      <val name="value" val="{com.google.blockly.android.ui.Rotation.NONE, com.google.blockly.android.ui.Rotation.CLOCKWISE, com.google.blockly.android.ui.Rotation.COUNTER_CLOCKWISE, com.google.blockly.android.ui.Rotation.ADAPTIVE_CLOCKWISE, com.google.blockly.android.ui.Rotation.ADAPTIVE_COUNTER_CLOCKWISE}" />
    </annotation>
  </item>
  <item name="com.google.blockly.android.ui.Rotation int normalize(int, android.view.View)">
    <annotation name="android.support.annotation.IntDef">
      <val name="flag" val="true" />
      <val name="value" val="{com.google.blockly.android.ui.Rotation.NONE, com.google.blockly.android.ui.Rotation.CLOCKWISE, com.google.blockly.android.ui.Rotation.COUNTER_CLOCKWISE, com.google.blockly.android.ui.Rotation.ADAPTIVE_CLOCKWISE, com.google.blockly.android.ui.Rotation.ADAPTIVE_COUNTER_CLOCKWISE}" />
    </annotation>
  </item>
  <item name="com.google.blockly.android.ui.Rotation int normalize(int, android.view.View) 0">
    <annotation name="android.support.annotation.IntDef">
      <val name="flag" val="true" />
      <val name="value" val="{com.google.blockly.android.ui.Rotation.NONE, com.google.blockly.android.ui.Rotation.CLOCKWISE, com.google.blockly.android.ui.Rotation.COUNTER_CLOCKWISE, com.google.blockly.android.ui.Rotation.ADAPTIVE_CLOCKWISE, com.google.blockly.android.ui.Rotation.ADAPTIVE_COUNTER_CLOCKWISE}" />
    </annotation>
  </item>
  <item name="com.google.blockly.android.ui.Rotation int normalize(int, boolean)">
    <annotation name="android.support.annotation.IntDef">
      <val name="flag" val="true" />
      <val name="value" val="{com.google.blockly.android.ui.Rotation.NONE, com.google.blockly.android.ui.Rotation.CLOCKWISE, com.google.blockly.android.ui.Rotation.COUNTER_CLOCKWISE, com.google.blockly.android.ui.Rotation.ADAPTIVE_CLOCKWISE, com.google.blockly.android.ui.Rotation.ADAPTIVE_COUNTER_CLOCKWISE}" />
    </annotation>
  </item>
  <item name="com.google.blockly.android.ui.Rotation int normalize(int, boolean) 0">
    <annotation name="android.support.annotation.IntDef">
      <val name="flag" val="true" />
      <val name="value" val="{com.google.blockly.android.ui.Rotation.NONE, com.google.blockly.android.ui.Rotation.CLOCKWISE, com.google.blockly.android.ui.Rotation.COUNTER_CLOCKWISE, com.google.blockly.android.ui.Rotation.ADAPTIVE_CLOCKWISE, com.google.blockly.android.ui.Rotation.ADAPTIVE_COUNTER_CLOCKWISE}" />
    </annotation>
  </item>
  <item name="com.google.blockly.android.ui.Rotation int normalize(int, int)">
    <annotation name="android.support.annotation.IntDef">
      <val name="flag" val="true" />
      <val name="value" val="{com.google.blockly.android.ui.Rotation.NONE, com.google.blockly.android.ui.Rotation.CLOCKWISE, com.google.blockly.android.ui.Rotation.COUNTER_CLOCKWISE, com.google.blockly.android.ui.Rotation.ADAPTIVE_CLOCKWISE, com.google.blockly.android.ui.Rotation.ADAPTIVE_COUNTER_CLOCKWISE}" />
    </annotation>
  </item>
  <item name="com.google.blockly.android.ui.Rotation int normalize(int, int) 0">
    <annotation name="android.support.annotation.IntDef">
      <val name="flag" val="true" />
      <val name="value" val="{com.google.blockly.android.ui.Rotation.NONE, com.google.blockly.android.ui.Rotation.CLOCKWISE, com.google.blockly.android.ui.Rotation.COUNTER_CLOCKWISE, com.google.blockly.android.ui.Rotation.ADAPTIVE_CLOCKWISE, com.google.blockly.android.ui.Rotation.ADAPTIVE_COUNTER_CLOCKWISE}" />
    </annotation>
  </item>
  <item name="com.google.blockly.android.ui.Rotation.Enum">
    <annotation name="android.support.annotation.IntDef">
      <val name="flag" val="true" />
      <val name="value" val="{com.google.blockly.android.ui.Rotation.NONE, com.google.blockly.android.ui.Rotation.CLOCKWISE, com.google.blockly.android.ui.Rotation.COUNTER_CLOCKWISE, com.google.blockly.android.ui.Rotation.ADAPTIVE_CLOCKWISE, com.google.blockly.android.ui.Rotation.ADAPTIVE_COUNTER_CLOCKWISE}" />
    </annotation>
  </item>
</root>

