<?xml version="1.0" encoding="UTF-8"?>
<root>
  <item name="com.google.blockly.android.control.BlocklyController boolean hasCallback(int) 0">
    <annotation name="android.support.annotation.IntDef">
      <val name="flag" val="true" />
      <val name="value" val="{com.google.blockly.android.control.BlocklyEvent.TYPE_CHANGE, com.google.blockly.android.control.BlocklyEvent.TYPE_CREATE, com.google.blockly.android.control.BlocklyEvent.TYPE_DELETE, com.google.blockly.android.control.BlocklyEvent.TYPE_MOVE, com.google.blockly.android.control.BlocklyEvent.TYPE_UI}" />
    </annotation>
  </item>
  <item name="com.google.blockly.android.control.BlocklyController.EventsCallback int getTypesBitmask()">
    <annotation name="android.support.annotation.IntDef">
      <val name="flag" val="true" />
      <val name="value" val="{com.google.blockly.android.control.BlocklyEvent.TYPE_CHANGE, com.google.blockly.android.control.BlocklyEvent.TYPE_CREATE, com.google.blockly.android.control.BlocklyEvent.TYPE_DELETE, com.google.blockly.android.control.BlocklyEvent.TYPE_MOVE, com.google.blockly.android.control.BlocklyEvent.TYPE_UI}" />
    </annotation>
  </item>
  <item name="com.google.blockly.android.control.BlocklyEvent BlocklyEvent(int, java.lang.String, java.lang.String, java.lang.String) 0">
    <annotation name="android.support.annotation.IntDef">
      <val name="flag" val="true" />
      <val name="value" val="{com.google.blockly.android.control.BlocklyEvent.TYPE_CHANGE, com.google.blockly.android.control.BlocklyEvent.TYPE_CREATE, com.google.blockly.android.control.BlocklyEvent.TYPE_DELETE, com.google.blockly.android.control.BlocklyEvent.TYPE_MOVE, com.google.blockly.android.control.BlocklyEvent.TYPE_UI}" />
    </annotation>
  </item>
  <item name="com.google.blockly.android.control.BlocklyEvent BlocklyEvent(int, org.json.JSONObject) 0">
    <annotation name="android.support.annotation.IntDef">
      <val name="flag" val="true" />
      <val name="value" val="{com.google.blockly.android.control.BlocklyEvent.TYPE_CHANGE, com.google.blockly.android.control.BlocklyEvent.TYPE_CREATE, com.google.blockly.android.control.BlocklyEvent.TYPE_DELETE, com.google.blockly.android.control.BlocklyEvent.TYPE_MOVE, com.google.blockly.android.control.BlocklyEvent.TYPE_UI}" />
    </annotation>
  </item>
  <item name="com.google.blockly.android.control.BlocklyEvent TYPE_ALL">
    <annotation name="android.support.annotation.IntDef">
      <val name="flag" val="true" />
      <val name="value" val="{com.google.blockly.android.control.BlocklyEvent.TYPE_CHANGE, com.google.blockly.android.control.BlocklyEvent.TYPE_CREATE, com.google.blockly.android.control.BlocklyEvent.TYPE_DELETE, com.google.blockly.android.control.BlocklyEvent.TYPE_MOVE, com.google.blockly.android.control.BlocklyEvent.TYPE_UI}" />
    </annotation>
  </item>
  <item name="com.google.blockly.android.control.BlocklyEvent int getTypeId()">
    <annotation name="android.support.annotation.IntDef">
      <val name="flag" val="true" />
      <val name="value" val="{com.google.blockly.android.control.BlocklyEvent.TYPE_CHANGE, com.google.blockly.android.control.BlocklyEvent.TYPE_CREATE, com.google.blockly.android.control.BlocklyEvent.TYPE_DELETE, com.google.blockly.android.control.BlocklyEvent.TYPE_MOVE, com.google.blockly.android.control.BlocklyEvent.TYPE_UI}" />
    </annotation>
  </item>
  <item name="com.google.blockly.android.control.BlocklyEvent mTypeId">
    <annotation name="android.support.annotation.IntDef">
      <val name="flag" val="true" />
      <val name="value" val="{com.google.blockly.android.control.BlocklyEvent.TYPE_CHANGE, com.google.blockly.android.control.BlocklyEvent.TYPE_CREATE, com.google.blockly.android.control.BlocklyEvent.TYPE_DELETE, com.google.blockly.android.control.BlocklyEvent.TYPE_MOVE, com.google.blockly.android.control.BlocklyEvent.TYPE_UI}" />
    </annotation>
  </item>
  <item name="com.google.blockly.android.control.BlocklyEvent.ChangeElement">
    <annotation name="android.support.annotation.StringDef">
      <val name="value" val="{com.google.blockly.android.control.BlocklyEvent.ELEMENT_COLLAPSED, com.google.blockly.android.control.BlocklyEvent.ELEMENT_COMMENT, com.google.blockly.android.control.BlocklyEvent.ELEMENT_DISABLED, com.google.blockly.android.control.BlocklyEvent.ELEMENT_FIELD, com.google.blockly.android.control.BlocklyEvent.ELEMENT_INLINE, com.google.blockly.android.control.BlocklyEvent.ELEMENT_MUTATE}" />
    </annotation>
  </item>
  <item name="com.google.blockly.android.control.BlocklyEvent.ChangeEvent ChangeEvent(java.lang.String, com.google.blockly.model.Workspace, com.google.blockly.model.Block, com.google.blockly.model.Field, java.lang.String, java.lang.String) 0">
    <annotation name="android.support.annotation.StringDef">
      <val name="value" val="{com.google.blockly.android.control.BlocklyEvent.ELEMENT_COLLAPSED, com.google.blockly.android.control.BlocklyEvent.ELEMENT_COMMENT, com.google.blockly.android.control.BlocklyEvent.ELEMENT_DISABLED, com.google.blockly.android.control.BlocklyEvent.ELEMENT_FIELD, com.google.blockly.android.control.BlocklyEvent.ELEMENT_INLINE, com.google.blockly.android.control.BlocklyEvent.ELEMENT_MUTATE}" />
    </annotation>
  </item>
  <item name="com.google.blockly.android.control.BlocklyEvent.ChangeEvent java.lang.String getElement()">
    <annotation name="android.support.annotation.StringDef">
      <val name="value" val="{com.google.blockly.android.control.BlocklyEvent.ELEMENT_COLLAPSED, com.google.blockly.android.control.BlocklyEvent.ELEMENT_COMMENT, com.google.blockly.android.control.BlocklyEvent.ELEMENT_DISABLED, com.google.blockly.android.control.BlocklyEvent.ELEMENT_FIELD, com.google.blockly.android.control.BlocklyEvent.ELEMENT_INLINE, com.google.blockly.android.control.BlocklyEvent.ELEMENT_MUTATE}" />
    </annotation>
  </item>
  <item name="com.google.blockly.android.control.BlocklyEvent.ChangeEvent mElementChanged">
    <annotation name="android.support.annotation.StringDef">
      <val name="value" val="{com.google.blockly.android.control.BlocklyEvent.ELEMENT_COLLAPSED, com.google.blockly.android.control.BlocklyEvent.ELEMENT_COMMENT, com.google.blockly.android.control.BlocklyEvent.ELEMENT_DISABLED, com.google.blockly.android.control.BlocklyEvent.ELEMENT_FIELD, com.google.blockly.android.control.BlocklyEvent.ELEMENT_INLINE, com.google.blockly.android.control.BlocklyEvent.ELEMENT_MUTATE}" />
    </annotation>
  </item>
  <item name="com.google.blockly.android.control.BlocklyEvent.EventType">
    <annotation name="android.support.annotation.IntDef">
      <val name="flag" val="true" />
      <val name="value" val="{com.google.blockly.android.control.BlocklyEvent.TYPE_CHANGE, com.google.blockly.android.control.BlocklyEvent.TYPE_CREATE, com.google.blockly.android.control.BlocklyEvent.TYPE_DELETE, com.google.blockly.android.control.BlocklyEvent.TYPE_MOVE, com.google.blockly.android.control.BlocklyEvent.TYPE_UI}" />
    </annotation>
  </item>
  <item name="com.google.blockly.android.control.BlocklyEvent.UIElement">
    <annotation name="android.support.annotation.StringDef">
      <val name="value" val="{com.google.blockly.android.control.BlocklyEvent.ELEMENT_CATEGORY, com.google.blockly.android.control.BlocklyEvent.ELEMENT_CLICK, com.google.blockly.android.control.BlocklyEvent.ELEMENT_COMMENT_OPEN, com.google.blockly.android.control.BlocklyEvent.ELEMENT_MUTATOR_OPEN, com.google.blockly.android.control.BlocklyEvent.ELEMENT_SELECTED, com.google.blockly.android.control.BlocklyEvent.ELEMENT_TRASH, com.google.blockly.android.control.BlocklyEvent.ELEMENT_WARNING_OPEN}" />
    </annotation>
  </item>
  <item name="com.google.blockly.android.control.BlocklyEvent.UIEvent UIEvent(java.lang.String, com.google.blockly.model.Workspace, com.google.blockly.model.Block, java.lang.String, java.lang.String) 0">
    <annotation name="android.support.annotation.StringDef">
      <val name="value" val="{com.google.blockly.android.control.BlocklyEvent.ELEMENT_CATEGORY, com.google.blockly.android.control.BlocklyEvent.ELEMENT_CLICK, com.google.blockly.android.control.BlocklyEvent.ELEMENT_COMMENT_OPEN, com.google.blockly.android.control.BlocklyEvent.ELEMENT_MUTATOR_OPEN, com.google.blockly.android.control.BlocklyEvent.ELEMENT_SELECTED, com.google.blockly.android.control.BlocklyEvent.ELEMENT_TRASH, com.google.blockly.android.control.BlocklyEvent.ELEMENT_WARNING_OPEN}" />
    </annotation>
  </item>
  <item name="com.google.blockly.android.control.BlocklyEvent.UIEvent mUiElement">
    <annotation name="android.support.annotation.StringDef">
      <val name="value" val="{com.google.blockly.android.control.BlocklyEvent.ELEMENT_CATEGORY, com.google.blockly.android.control.BlocklyEvent.ELEMENT_CLICK, com.google.blockly.android.control.BlocklyEvent.ELEMENT_COMMENT_OPEN, com.google.blockly.android.control.BlocklyEvent.ELEMENT_MUTATOR_OPEN, com.google.blockly.android.control.BlocklyEvent.ELEMENT_SELECTED, com.google.blockly.android.control.BlocklyEvent.ELEMENT_TRASH, com.google.blockly.android.control.BlocklyEvent.ELEMENT_WARNING_OPEN}" />
    </annotation>
  </item>
</root>

